{"0": 0.39371452024678366, "1": 0.4552316354140094}